<?xml version="1.0" encoding="UTF-8" standalone="yes"?>
<OfficeApp xmlns="http://schemas.microsoft.com/office/appforoffice/1.1" xmlns:xsi="http://www.w3.org/2001/XMLSchema-instance" xmlns:bt="http://schemas.microsoft.com/office/officeappbasictypes/1.0" xmlns:mailappor="http://schemas.microsoft.com/office/mailappversionoverrides/1.0" xsi:type="MailApp">
  <Id>377861f8-9dfe-490d-acc8-4b2aefe68663</Id>
  <Version>1.0.0.0</Version>
  <ProviderName>HelpSystems</ProviderName>
  <DefaultLocale>en-US</DefaultLocale>
  <DisplayName DefaultValue="Help Systems Add-ins "/>
  <Description DefaultValue="Help systems Office Addin for outlook"/>
  <IconUrl DefaultValue="https://localhost:3000/assets/HS/icon-80.png"/>
  <HighResolutionIconUrl DefaultValue="https://localhost:3000/assets/HS/icon-80.png"/>
  <SupportUrl DefaultValue="https://www.titus.com/support.php"/>
  <AppDomains>
    <AppDomain>https://localhost:3000</AppDomain>
    <AppDomain>https://login.windows.net</AppDomain>
    <AppDomain>https://login.microsoftonline.com</AppDomain>
  </AppDomains>
  <Hosts>
    <Host Name="Mailbox"/>
  </Hosts>
  <Requirements>
    <Sets>
      <Set Name="Mailbox" MinVersion="1.1"/>
    </Sets>
  </Requirements>
  <FormSettings>
    <Form xsi:type="ItemRead">
      <DesktopSettings>
        <SourceLocation DefaultValue="https://localhost:3000/read"/>
        <RequestedHeight>60</RequestedHeight>
      </DesktopSettings>
    </Form>
        <Form xsi:type="ItemEdit">
      <DesktopSettings>
        <SourceLocation DefaultValue="https://localhost:3000/taskpane.html" />
      </DesktopSettings>
    </Form>
  </FormSettings>
  <Permissions>ReadWriteMailbox</Permissions>
  <Rule xsi:type="RuleCollection" Mode="And">
      <Rule xsi:type="ItemIs" ItemType="Message" FormType="ReadOrEdit"  />
      <Rule xsi:type="ItemHasAttachment" />
  </Rule>
  <DisableEntityHighlighting>false</DisableEntityHighlighting>
  <VersionOverrides xmlns="http://schemas.microsoft.com/office/mailappversionoverrides" xsi:type="VersionOverridesV1_0">
    <VersionOverrides xmlns="http://schemas.microsoft.com/office/mailappversionoverrides/1.1" xsi:type="VersionOverridesV1_1">
      <Requirements>
        <bt:Sets DefaultMinVersion="1.3">
          <bt:Set Name="Mailbox"/>
        </bt:Sets>
      </Requirements>
      <Hosts>
        <Host xsi:type="MailHost">
          <DesktopFormFactor>
            <FunctionFile resid="Commands.Url"/>
            <ExtensionPoint xsi:type="Events">
							<Event Type="ItemSend" FunctionExecution="synchronous" FunctionName="processOnSend" />
						</ExtensionPoint>
            <ExtensionPoint xsi:type="MessageReadCommandSurface">
              <OfficeTab id="TabDefault">
                <Group id="msgReadGroup">
                  <Label resid="GroupLabel"/>
                  <Control xsi:type="Button" id="msgReadOpenPaneButton">
                    <Label resid="TaskpaneButton.Label"/>
                    <Supertip>
                      <Title resid="TaskpaneButton.Label"/>
                      <Description resid="TaskpaneButton.Tooltip"/>
                    </Supertip>
                    <Icon>
                      <bt:Image size="16" resid="Icon.16x16"/>
                      <bt:Image size="32" resid="Icon.32x32"/>
                      <bt:Image size="80" resid="Icon.80x80"/>
                    </Icon>
                    <Action xsi:type="ShowTaskpane">
                      <SourceLocation resid="Readpane.Url"/>
                      <SupportsPinning>true</SupportsPinning>
                    </Action>
                  </Control>
                </Group>
              </OfficeTab>
            </ExtensionPoint>
            <ExtensionPoint xsi:type="MessageComposeCommandSurface">
              <OfficeTab id="TabDefault">
                <Group id="msgComposeGroup">
                  <Label resid="GroupLabel"/>
                  <Control xsi:type="Button" id="msgComposeOpenPaneButton">
                    <Label resid="TaskpaneButton.Label"/>
                    <Supertip>
                      <Title resid="TaskpaneButton.Label"/>
                      <Description resid="TaskpaneButton.Tooltip"/>
                    </Supertip>
                    <Icon>
                      <bt:Image size="16" resid="Icon.16x16"/>
                      <bt:Image size="32" resid="Icon.32x32"/>
                      <bt:Image size="80" resid="Icon.80x80"/>
                    </Icon>
                    <Action xsi:type="ShowTaskpane">
                      <SourceLocation resid="Taskpane.Url"/>
                      <SupportsPinning>true</SupportsPinning>
                    </Action>
                  </Control>
                </Group>
                </OfficeTab>
            </ExtensionPoint>
          </DesktopFormFactor>
        </Host>
      </Hosts>
      <Resources>
        <bt:Images>
          <bt:Image id="Icon.16x16" DefaultValue="https://localhost:3000/assets/HS/icon-16.png"/>
        <bt:Image id="Icon.32x32" DefaultValue="https://localhost:3000/assets/HS/icon-32.png"/>
        <bt:Image id="Icon.80x80" DefaultValue="https://localhost:3000/assets/HS/icon-80.png"/>
        </bt:Images>
        <bt:Urls>
          <bt:Url id="Commands.Url" DefaultValue="https://localhost:3000/commands.html"/>
          <bt:Url id="Readpane.Url" DefaultValue="https://localhost:3000/read"/>
          <bt:Url id="Taskpane.Url" DefaultValue="https://localhost:3000/taskpane.html"/>
        </bt:Urls>
        <bt:ShortStrings>
          <bt:String id="GroupLabel" DefaultValue="HelpSystems"/>
          <bt:String id="TaskpaneButton.Label" DefaultValue="Add-ins"/>
          <bt:String id="ActionButton.Label" DefaultValue="Show Supported Add-in"/>
        </bt:ShortStrings>
        <bt:LongStrings>
          <bt:String id="TaskpaneButton.Tooltip" DefaultValue="Opens To view HS Add-ins"/>
          <bt:String id="ActionButton.Tooltip" DefaultValue="Secure your email"/>
        </bt:LongStrings>
      </Resources>
    </VersionOverrides>
  </VersionOverrides>
</OfficeApp>