<?xml version="1.0" encoding="UTF-8" standalone="yes"?>
<OfficeApp xmlns="http://schemas.microsoft.com/office/appforoffice/1.1" xmlns:xsi="http://www.w3.org/2001/XMLSchema-instance" xmlns:bt="http://schemas.microsoft.com/office/officeappbasictypes/1.0" xsi:type="MailApp">
  <Id>ea9a6cf9-6f07-4de4-b488-b54e1ccef6f8</Id>
  <Version>1.0.0.0</Version>
  <ProviderName>Contoso</ProviderName>
  <DefaultLocale>en-US</DefaultLocale>
  <DisplayName DefaultValue="HS Data Security"/>
  <Description DefaultValue="Secure Email"/>
  <IconUrl DefaultValue="https://localhost:3009/assets/icon-80.png"/>
  <HighResolutionIconUrl DefaultValue="https://localhost:3009/assets/icon-80.png"/>
  <SupportUrl DefaultValue="https://www.contoso.com/help"/>
  <AppDomains>
    <AppDomain>https://localhost:3000</AppDomain>
     <AppDomain>https://localhost:3009</AppDomain>
    <AppDomain>https://localhost:3002</AppDomain>
    <AppDomain>https://oa-tituscloud-devtest.beta.tituscloud.com</AppDomain>
    <AppDomain>https://google.com</AppDomain>
    <AppDomain>https://login.microsoftonline.com</AppDomain>
  </AppDomains>
  <Hosts>
    <Host Name="Mailbox"/>
  </Hosts>
  <Requirements>
    <Sets>
      <Set Name="MailBox" MinVersion="1.1"/>
    </Sets>
  </Requirements>
  <FormSettings>
    <Form xsi:type="ItemRead">
      <DesktopSettings>
        <SourceLocation DefaultValue="https://localhost:3009/taskpane.html"/>
        <RequestedHeight>250</RequestedHeight>
      </DesktopSettings>
    </Form>
  </FormSettings>
  <Permissions>ReadWriteItem</Permissions>
  <Rule xsi:type="RuleCollection" Mode="Or">
    <Rule xsi:type="ItemIs" ItemType="Message" FormType="Read"/>
    <Rule xsi:type="ItemIs" ItemType="Appointment" FormType="Read"/>
  </Rule>
  <VersionOverrides xmlns="http://schemas.microsoft.com/office/mailappversionoverrides" xsi:type="VersionOverridesV1_0">
    <VersionOverrides xmlns="http://schemas.microsoft.com/office/mailappversionoverrides/1.1" xsi:type="VersionOverridesV1_1">
      <Hosts>
        <Host xsi:type="MailHost">
          <DesktopFormFactor>
          <FunctionFile resid="Commands.Url"/>
            <ExtensionPoint xsi:type="Events">
							<Event Type="ItemSend" FunctionExecution="synchronous" FunctionName="initOnSend" />
						</ExtensionPoint>
            
            <ExtensionPoint xsi:type="MessageReadCommandSurface">
              <OfficeTab id="TabDefault">
                <Group id="msgReadGroup">
                  <Label resid="GroupLabel"/>
                  <Control xsi:type="Button" id="msgReadOpenPaneButton">
                    <Label resid="TaskpaneButton.Label"/>
                    <Supertip>
                      <Title resid="TaskpaneButton.Label"/>
                      <Description resid="TaskpaneButton.Tooltip"/>
                    </Supertip>
                    <Icon>
                      <bt:Image size="16" resid="Icon.16x16"/>
                      <bt:Image size="32" resid="Icon.32x32"/>
                      <bt:Image size="80" resid="Icon.80x80"/>
                    </Icon>
                    <Action xsi:type="ShowTaskpane">
                      <SourceLocation resid="Readpane.Url"/>
                      <SupportsPinning>true</SupportsPinning>
                    </Action>
                  </Control>
                </Group>
              </OfficeTab>
            </ExtensionPoint>
            <ExtensionPoint xsi:type="MessageComposeCommandSurface">
              <OfficeTab id="TabHome">
                <Group id="CommandsGroup">
                  <Label resid="CommandsGroup.Label"/>
                  <Control xsi:type="Button" id="TaskpaneButton">
                    <Label resid="TaskpaneButton.Label"/>
                    <Supertip>
                      <Title resid="TaskpaneButton.Label"/>
                      <Description resid="TaskpaneButton.Tooltip"/>
                    </Supertip>
                    <Icon>
                      <bt:Image size="16" resid="Icon.16x16"/>
                      <bt:Image size="32" resid="Icon.32x32"/>
                      <bt:Image size="80" resid="Icon.80x80"/>
                    </Icon>
                    <Action xsi:type="ShowTaskpane">
                      <SourceLocation resid="Taskpane.Url"/>
                    </Action>
                  </Control>
                </Group>
              </OfficeTab>
            </ExtensionPoint>
          </DesktopFormFactor>
        </Host>
      </Hosts>
      <Resources>
        <bt:Images>
          <bt:Image id="Icon.16x16" DefaultValue="https://localhost:3009/assets/icon-16.png"/>
          <bt:Image id="Icon.32x32" DefaultValue="https://localhost:3009/assets/icon-32.png"/>
          <bt:Image id="Icon.80x80" DefaultValue="https://localhost:3009/assets/icon-80.png"/>
        </bt:Images>
        <bt:Urls>
          <bt:Url id="Commands.Url" DefaultValue="https://localhost:3009/commands.html"/>
          <bt:Url id="Readpane.Url" DefaultValue="https://localhost:3009/Read.html"/>
          <bt:Url id="Taskpane.Url" DefaultValue="https://localhost:3009/taskpane.html"/>
        </bt:Urls>
        <bt:ShortStrings>
          <bt:String id="GetStarted.Title" DefaultValue="Get started with HS Data Security!"/>
          <bt:String id="CommandsGroup.Label" DefaultValue="HS Group"/>
          <bt:String id="GroupLabel" DefaultValue="HS"/>
          <bt:String id="TaskpaneButton.Label" DefaultValue="HS Email Security"/>
        </bt:ShortStrings>
        <bt:LongStrings>
          <bt:String id="GetStarted.Description" DefaultValue="HS Data Security"/>
          <bt:String id="TaskpaneButton.Tooltip" DefaultValue="Click to Show a Taskpane"/>
        </bt:LongStrings>
      </Resources>
      <WebApplicationInfo>
        <Id>0be92d1e-f87e-4ff2-a0e3-dd4debd0a164</Id>
        <Resource>api://localhost:3009/0be92d1e-f87e-4ff2-a0e3-dd4debd0a164</Resource>
        <Scopes>
          <Scope>User.Read</Scope>
          <Scope>profile</Scope>
        </Scopes>
      </WebApplicationInfo>
    </VersionOverrides>
  </VersionOverrides>
</OfficeApp>